hero_id,name,primary_attr,attack_type,roles
1,"Anti-Mage",agi,Melee,"Carry|Escape|Nuker"
2,"Axe",str,Melee,"Initiator|Durable|Disabler|Carry"
3,"Bane",all,Ranged,"Support|Disabler|Nuker|Durable"
4,"Bloodseeker",agi,Melee,"Carry|Disabler|Nuker|Initiator"
5,"Crystal Maiden",int,Ranged,"Support|Disabler|Nuker"
6,"Drow Ranger",agi,Ranged,"Carry|Disabler|Pusher"
7,"Earthshaker",str,Melee,"Support|Initiator|Disabler|Nuker"
8,"Juggernaut",agi,Melee,"Carry|Pusher|Escape"
9,"Mirana",agi,Ranged,"Carry|Support|Escape|Nuker|Disabler"
10,"Morphling",agi,Ranged,"Carry|Escape|Durable|Nuker|Disabler"
11,"Shadow Fiend",agi,Ranged,"Carry|Nuker"
12,"Phantom Lancer",agi,Melee,"Carry|Escape|Pusher|Nuker"
13,"Puck",int,Ranged,"Initiator|Disabler|Escape|Nuker"
14,"Pudge",str,Melee,"Disabler|Initiator|Durable|Nuker"
15,"Razor",agi,Ranged,"Carry|Durable|Nuker|Pusher"
16,"Sand King",all,Melee,"Initiator|Disabler|Support|Nuker|Escape"
17,"Storm Spirit",int,Ranged,"Carry|Escape|Nuker|Initiator|Disabler"
18,"Sven",str,Melee,"Carry|Disabler|Initiator|Durable|Nuker"
19,"Tiny",str,Melee,"Carry|Nuker|Pusher|Initiator|Durable|Disabler"
20,"Vengeful Spirit",agi,Ranged,"Support|Initiator|Disabler|Nuker|Escape"
21,"Windranger",all,Ranged,"Carry|Support|Disabler|Escape|Nuker"
22,"Zeus",int,Ranged,"Nuker|Carry"
23,"Kunkka",str,Melee,"Carry|Support|Disabler|Initiator|Durable|Nuker"
25,"Lina",int,Ranged,"Support|Carry|Nuker|Disabler"
26,"Lion",int,Ranged,"Support|Disabler|Nuker|Initiator"
27,"Shadow Shaman",int,Ranged,"Support|Pusher|Disabler|Nuker|Initiator"
28,"Slardar",str,Melee,"Carry|Durable|Initiator|Disabler|Escape"
29,"Tidehunter",str,Melee,"Initiator|Durable|Disabler|Nuker|Carry"
30,"Witch Doctor",int,Ranged,"Support|Nuker|Disabler"
31,"Lich",int,Ranged,"Support|Nuker"
32,"Riki",agi,Melee,"Carry|Escape|Disabler"
33,"Enigma",all,Ranged,"Disabler|Initiator|Pusher"
34,"Tinker",int,Ranged,"Carry|Nuker|Pusher"
35,"Sniper",agi,Ranged,"Carry|Nuker"
36,"Necrophos",int,Ranged,"Carry|Nuker|Durable|Disabler"
37,"Warlock",int,Ranged,"Support|Initiator|Disabler"
38,"Beastmaster",all,Melee,"Initiator|Disabler|Durable|Nuker"
39,"Queen of Pain",int,Ranged,"Carry|Nuker|Escape"
40,"Venomancer",all,Ranged,"Support|Nuker|Initiator|Pusher|Disabler"
41,"Faceless Void",agi,Melee,"Carry|Initiator|Disabler|Escape|Durable"
42,"Wraith King",str,Melee,"Carry|Support|Durable|Disabler|Initiator"
43,"Death Prophet",all,Ranged,"Carry|Pusher|Nuker|Disabler"
44,"Phantom Assassin",agi,Melee,"Carry|Escape"
45,"Pugna",int,Ranged,"Nuker|Pusher"
46,"Templar Assassin",agi,Ranged,"Carry|Escape"
47,"Viper",agi,Ranged,"Carry|Durable|Initiator|Disabler"
48,"Luna",agi,Ranged,"Carry|Nuker|Pusher"
49,"Dragon Knight",str,Melee,"Carry|Pusher|Durable|Disabler|Initiator|Nuker"
50,"Dazzle",all,Ranged,"Support|Nuker|Disabler"
51,"Clockwerk",str,Melee,"Initiator|Disabler|Durable|Nuker"
52,"Leshrac",int,Ranged,"Carry|Support|Nuker|Pusher|Disabler"
53,"Nature's Prophet",all,Ranged,"Carry|Pusher|Escape|Nuker"
54,"Lifestealer",str,Melee,"Carry|Durable|Escape|Disabler"
55,"Dark Seer",int,Melee,"Initiator|Escape|Disabler"
56,"Clinkz",agi,Ranged,"Carry|Escape|Pusher"
57,"Omniknight",str,Melee,"Support|Durable|Nuker"
58,"Enchantress",int,Ranged,"Support|Pusher|Durable|Disabler"
59,"Huskar",str,Ranged,"Carry|Durable|Initiator"
60,"Night Stalker",str,Melee,"Carry|Initiator|Durable|Disabler|Nuker"
61,"Broodmother",agi,Melee,"Carry|Pusher|Escape|Nuker"
62,"Bounty Hunter",agi,Melee,"Escape|Nuker"
63,"Weaver",agi,Ranged,"Carry|Escape"
64,"Jakiro",int,Ranged,"Support|Nuker|Pusher|Disabler"
65,"Batrider",all,Ranged,"Initiator|Disabler|Escape"
66,"Chen",int,Ranged,"Support|Pusher"
67,"Spectre",agi,Melee,"Carry|Durable|Escape"
68,"Ancient Apparition",int,Ranged,"Support|Disabler|Nuker"
69,"Doom",str,Melee,"Carry|Disabler|Initiator|Durable|Nuker"
70,"Ursa",agi,Melee,"Carry|Durable|Disabler"
71,"Spirit Breaker",str,Melee,"Carry|Initiator|Disabler|Durable|Escape"
72,"Gyrocopter",agi,Ranged,"Carry|Nuker|Disabler"
73,"Alchemist",str,Melee,"Carry|Support|Durable|Disabler|Initiator|Nuker"
74,"Invoker",int,Ranged,"Carry|Nuker|Disabler|Escape|Pusher"
75,"Silencer",int,Ranged,"Carry|Support|Disabler|Initiator|Nuker"
76,"Outworld Devourer",int,Ranged,"Carry|Nuker|Disabler"
77,"Lycan",str,Melee,"Carry|Pusher|Durable|Escape"
78,"Brewmaster",all,Melee,"Carry|Initiator|Durable|Disabler|Nuker"
79,"Shadow Demon",int,Ranged,"Support|Disabler|Initiator|Nuker"
80,"Lone Druid",agi,Ranged,"Carry|Pusher|Durable"
81,"Chaos Knight",str,Melee,"Carry|Disabler|Durable|Pusher|Initiator"
82,"Meepo",agi,Melee,"Carry|Escape|Nuker|Disabler|Initiator|Pusher"
83,"Treant Protector",str,Melee,"Support|Initiator|Durable|Disabler|Escape"
84,"Ogre Magi",str,Melee,"Support|Nuker|Disabler|Durable|Initiator"
85,"Undying",str,Melee,"Support|Durable|Disabler|Nuker"
86,"Rubick",int,Ranged,"Support|Disabler|Nuker"
87,"Disruptor",int,Ranged,"Support|Disabler|Nuker|Initiator"
88,"Nyx Assassin",all,Melee,"Disabler|Nuker|Initiator|Escape"
89,"Naga Siren",agi,Melee,"Carry|Support|Pusher|Disabler|Initiator|Escape"
90,"Keeper of the Light",int,Ranged,"Support|Nuker|Disabler"
91,"Io",all,Ranged,"Support|Escape|Nuker"
92,"Visage",all,Ranged,"Support|Nuker|Durable|Disabler|Pusher"
93,"Slark",agi,Melee,"Carry|Escape|Disabler|Nuker"
94,"Medusa",agi,Ranged,"Carry|Disabler|Durable"
95,"Troll Warlord",agi,Ranged,"Carry|Pusher|Disabler|Durable"
96,"Centaur Warrunner",str,Melee,"Durable|Initiator|Disabler|Nuker|Escape"
97,"Magnus",all,Melee,"Initiator|Disabler|Nuker|Escape"
98,"Timbersaw",str,Melee,"Nuker|Durable|Escape"
99,"Bristleback",str,Melee,"Carry|Durable|Initiator|Nuker"
100,"Tusk",str,Melee,"Initiator|Disabler|Nuker"
101,"Skywrath Mage",int,Ranged,"Support|Nuker|Disabler"
102,"Abaddon",all,Melee,"Support|Carry|Durable"
103,"Elder Titan",str,Melee,"Initiator|Disabler|Nuker|Durable"
104,"Legion Commander",str,Melee,"Carry|Disabler|Initiator|Durable|Nuker"
105,"Techies",all,Ranged,"Nuker|Disabler"
106,"Ember Spirit",agi,Melee,"Carry|Escape|Nuker|Disabler|Initiator"
107,"Earth Spirit",str,Melee,"Nuker|Escape|Disabler|Initiator|Durable"
108,"Underlord",str,Melee,"Support|Nuker|Disabler|Durable|Escape"
109,"Terrorblade",agi,Melee,"Carry|Pusher|Nuker"
110,"Phoenix",str,Ranged,"Support|Nuker|Initiator|Escape|Disabler"
111,"Oracle",int,Ranged,"Support|Nuker|Disabler|Escape"
112,"Winter Wyvern",int,Ranged,"Support|Disabler|Nuker"
113,"Arc Warden",all,Ranged,"Carry|Escape|Nuker"
114,"Monkey King",agi,Melee,"Carry|Escape|Disabler|Initiator"
119,"Dark Willow",int,Ranged,"Support|Nuker|Disabler|Escape"
120,"Pangolier",all,Melee,"Carry|Nuker|Disabler|Durable|Escape|Initiator"
121,"Grimstroke",int,Ranged,"Support|Nuker|Disabler|Escape"
123,"Hoodwink",agi,Ranged,"Support|Nuker|Escape|Disabler"
126,"Void Spirit",all,Melee,"Carry|Escape|Nuker|Disabler"
128,"Snapfire",all,Ranged,"Support|Nuker|Disabler|Escape"
129,"Mars",str,Melee,"Carry|Initiator|Disabler|Durable"
131,"Ring Master",int,Ranged,"Support|Nuker|Escape|Disabler"
135,"Dawnbreaker",str,Melee,"Carry|Durable"
136,"Marci",all,Melee,"Support|Carry|Initiator|Disabler|Escape"
137,"Primal Beast",str,Melee,"Initiator|Durable|Disabler"
138,"Muerta",int,Ranged,"Carry|Nuker|Disabler"
145,"Kez",agi,Melee,"Carry|Escape|Disabler"
155,"Largo",str,Melee,"Durable|Disabler|Support"
